title,price,excerpt,images,categories,tags,type,visibility,status,description
Miel Janus,8000,Contenido: 500 gramos (envase de vidrio),miel-janus.jpeg,Productos Frescos>Granja,,simple,featured,publish,"Una limitada cantidad de colmenas garantiza la actividad de las abejas restringida al entorno de nuestra chacra biodinámica: Pasturas, frutales y la huerta las alimentan durante todo el año, logrando un producto sano, saludable alimento para toda ocasión.

Nuestra miel se envasa a pocos días de extraerla de las colmenas y va perdiendo fluidez con el paso del tiempo. La miel solidificada es absolutamente natural y producto de una cristalización de su gran contenido de azúcares y su envasado a temperatura ambiente cuando todavía es fluida. Puede contener ""impurezas"" como cera y/o pólen ya que no la sometemos a ningún proceso de filtrado; bienvenidas sean. Ciertamente es una miel ""dura"", así lo quiere la naturaleza.

Para ""ablandarla"" un poco, basta con poner el frasco en agua caliente y dejarlo sin fuego hasta que tome la temperatura ambiente. Mantener en la alacena ya que no es necesario conservarla en la heladera."
Miel Millakó,5500,Contenido: 500 gramos (envase de PVC),miel-millako.jpeg,Productos Frescos>Granja,,simple,featured,unpublish,"Con agrado presentamos al primer producto asociado a nuestro Almacén Janus. Confiamos en la miel Millakó por la dedicación de la famila Ingelmo, que sumada a una estética prolija  no oculta su condición de artesanal.
<p class=""p1"">Miel Millakó, cuenta con colmenares propios en zona de transición entre monte nativo y chacras aledañas a Centenario (Provincia de Neuquén) y Contralmirante Guerrico (Provincia de Río Negro). Las chacras son de producción orgánica, biodinámica o conservan poco nivel agrícola haciéndola una zona de bajo nivel de agroquímicos. La diversidad floral de la zona está compuesta, en el monte porJarilla, alpataco, chilca, chañar y Olivillo y en las chacras po alfalfa, flor amarilla, melilotus y abrepuño, entre muchas otras.</p>
Esta miel va perdiendo fluidez con el paso del tiempo. La miel solidificada sigue siendo natural. No es necesario conservarla en la heladera.

&nbsp;"
Tomate triturado 500 cc,4000,Contenido: 500 cc,tomate-triturado-500-cc.jpeg,Productos Elaborados>Conservas de Hortalizas,,simple,featured,publish,Envasamos artesanalmente los excedentes de nuestra producción estacional. Todas las botellas se estabilizan por pasteurización. Absolutamente natural. Una vez abierto conservar en heladera y consumir en la semana.
Tomate triturado 1000 cc,6000,Contenido: 1.000 cc,tomate-triturado-1000-cc.jpeg,Productos Elaborados>Conservas de Hortalizas,,simple,featured,publish,Envasamos artesanalmente los excedentes de nuestra producción estacional. Todas las botellas se estabilizan por pasteurización. Absolutamente natural. Una vez abierto conservar en heladera y consumir en la semana.
Pimentón,2000,Contenido: 20 gramos,pimenton.jpeg,Deshidratados>Condimentos|Productos Elaborados,,simple,featured,unpublish,Morrón de 4 cascos secado al sol y finamente molido. Muy gustoso y extremadamente aromatizado. ¡ ¡Y qué color! Experimente un sabor tan único como natural. Una pizquita es más que suficiente para sentir el sabor de lo diferente. Mantener en un envase hermético.
Orégano,2000,Contenido: 10 gramos,oregano.jpeg,Deshidratados>Condimentos|Productos Elaborados,,simple,featured,publish,Orégano secado al calor de sol y finamente molido. Muy gustoso y extremadamente aromatizado. ¡ ¡Y qué color! Experimente un sabor tan único como natural. Una pizquita es más que suficiente para sentir el sabor de lo diferente. Mantener en un envase hermético.
Hongos secos,2000,Contenido: 20 gramos,hongos-secos.jpeg,Productos Elaborados|Deshidratados>Verduras,,simple,featured|outofstock,draft,Gírgolas trozadas y secadas al calor de sol. Gustosas y aromatizadas. Experimente un sabor tan único como natural. Mantener en un envase hermético.
Tomates secos,2000,Contenido: 30 gramos,tomates-secos.jpeg,Deshidratados>Verduras,,simple,featured,unpublish,Rodajas de tomates Perita y Cherry secadas al calor de sol. Gustosas y aromatizadas. Experimente un sabor tan único como natural. Mantener en un envase hermético.
Uvas pasas,4000,Contenido: 100 gramos,uvas-pasas.jpeg,Deshidratados>Frutas|Productos Elaborados,,simple,featured,publish,"Uvas enteras (con cabito) secadas al calor de sol. Gustosas y aromatizadas. Experimente un sabor tan único como natural. Mantener en un envase hermético.

Pueden ser comidas crudas o empleadas en platos, pasteles y repostería. Resulta beneficiosa para el cuerpo al ayudar a resolver problemas intestinales como el estreñimiento y ralentiza el envejecimiento prematuro de la piel, al contener antioxidantes."
Manzana deshidratada,2000,Contenido: 60 gramos,manzana-deshidratada.jpeg,Deshidratados>Frutas|Productos Elaborados,,simple,featured,unpublish,Rodajas de Manzanas Red Delicioiu secadas al calor de sol. Experimente un sabor tan único como natural. Mantener en un envase hermético.
Salvia,2000,Contenido: 25 gramos,salvia.jpeg,Deshidratados>Infusiones|Productos Elaborados,,simple,featured,unpublish,"Ramitas de Salvia secadas al calor de sol. Experimente su aroma y un sabor tan único como natural. Mantener en un envase hermético.

La <b>salvia</b> es una hierba aromática y medicinal considerada como uno de los mejores antibióticos naturales <b>que</b> existen. A nivel gastronómico, se usa mucho en la cocina mediterránea, tanto fresca como seca dando sabor y aroma a aceites y vinagres."
Infusión Energizante,700,"Contenido: 25 gramos

(ortiga, diente de león, manzana)",infusion-energizante.jpeg,Deshidratados>Infusiones|Productos Elaborados,,simple,featured,draft,Infusión ENERGIZANTE. Combinación de hierbas secadas al calor del sol y mezcladas en las proporciones necesarias para facilitarte una buena jornada.
Salsa de Tomate 500 cc,360,Contenido: 500 cc,salsa-de-tomate-500-cc.jpeg,Productos Elaborados>Conservas de Hortalizas,,simple,featured,draft,"Un escalón más en la elaboración de nuestros tomates biodinámicos. Tan suave como sabrosa esta salsita jerarquiza todo tipo de platos. Probalo y comentanos tu experiencia.

Envasamos artesanalmente los excedentes de nuestra producción estacional. Todas las botellas se estabilizan por pasteurización. Absolutamente natural. Una vez abierto conservar en heladera y consumir en la semana."

Caldo de GALLINA,3000,Contenido: 360 cc,caldo-de-gallina.jpeg,Productos Elaborados>Conservas de Hortalizas,,simple,featured,draft,"Sólo Caldo de Gallina, alimentadas con nuestras verduras y maiz biodinámico. Llevalo a tu mesa listo para incorporarlo a tus preparaciones o disfrutarlo en una taza con los ojos cerrados para revivir sabores olvidados. Siempre en la búsqueda de nuevas sensaciones, el resultado te sorprenderá. Naturales y sanos como ningún otro. Diluir a tu gusto para consumir como bebida revitalizadora, saborizar arroz, guisos o salsas. Probalo y comentanos tu experiencia.

Envasamos artesanalmente los excedentes de nuestra producción estacional. Todas los envases de vidrio se estabilizan por pasteurización. Absolutamente natural, sin agregar conservantes ni sustancias estabilizadoras. Una vez abierto conservar en heladera y consumir en una semana o dos."
Crema untable de BERENJENA,4000,Contenido: 200 gr,crema-untable-de-berenjena.jpeg,Productos Elaborados>Conservas de Hortalizas,,simple,featured,publish,"De esto hablamos cuando afirmamos que JANUS Proyecto Rural Integrador te regala una verdadera ""Experiencia Biodinámica"". Nuestras <em><strong>8 variedades de Cremas para untar</strong></em> son creación de la Naturaleza. Verduras biodinámicas cosechadas cuando nos lo pide la huerta. En la cocina se acondicionan apropiadamente  y se preparan sin secretos. El resultado te sorprenderá. Productos frescos y sanos como ningún otro. Para untar en nuestros Grisines crocantes, pan recién tostado o realzar colores y sabores de ensaladas, caldos, sopas, guisos o arroz. No pongas límite a tu imaginación.  Probalo y comentanos tu experiencia.

Envasamos artesanalmente los excedentes de nuestra producción estacional. Todas los envases de vidrio se estabilizan por pasteurización. Absolutamente natural, sin agregar conservantes ni sustancias estabilizadoras. Una vez abierto conservar en heladera y consumir en una semana."
Crema untable de ZANAHORIA,4000,Contenido: 200 gr,crema-untable-de-zanahoria.jpeg,Productos Elaborados>Conservas de Hortalizas,,simple,featured,publish,"De esto hablamos cuando afirmamos que JANUS Proyecto Rural Integrador te regala una verdadera ""Experiencia Biodinámica"". Nuestras <em><strong>8 variedades de Cremas para untar</strong></em> son creación de la Naturaleza. Verduras biodinámicas cosechadas cuando nos lo pide la huerta. En la cocina se acondicionan apropiadamente  y se preparan sin secretos. El resultado te sorprenderá. Productos frescos y sanos como ningún otro. Para untar en nuestros Grisines crocantes, pan recién tostado o realzar colores y sabores de ensaladas, caldos, sopas, guisos o arroz. No pongas límite a tu imaginación.  Probalo y comentanos tu experiencia.

Envasamos artesanalmente los excedentes de nuestra producción estacional. Todas los envases de vidrio se estabilizan por pasteurización. Absolutamente natural, sin agregar conservantes ni sustancias estabilizadoras. Una vez abierto conservar en heladera y consumir en una semana."
Crema untable de BROCOLI,4000,Contenido: 200 gr,crema-untable-de-brocoli.jpeg,Productos Elaborados>Conservas de Hortalizas,,simple,featured,publish,"De esto hablamos cuando afirmamos que JANUS Proyecto Rural Integrador te regala una verdadera ""Experiencia Biodinámica"". Nuestras <em><strong>8 variedades de Cremas para untar</strong></em> son creación de la Naturaleza. Verduras biodinámicas cosechadas cuando nos lo pide la huerta. En la cocina se acondicionan apropiadamente  y se preparan sin secretos. El resultado te sorprenderá. Productos frescos y sanos como ningún otro. Para untar en nuestros Grisines crocantes, pan recién tostado o realzar colores y sabores de ensaladas, caldos, sopas, guisos o arroz. No pongas límite a tu imaginación.  Probalo y comentanos tu experiencia.

Envasamos artesanalmente los excedentes de nuestra producción estacional. Todas los envases de vidrio se estabilizan por pasteurización. Absolutamente natural, sin agregar conservantes ni sustancias estabilizadoras. Una vez abierto conservar en heladera y consumir en una semana."
Crema untable de COLIFLOR,3000,Contenido: 200 gr,crema-untable-de-coliflor.jpeg,Productos Elaborados>Conservas de Hortalizas,,simple,featured,unpublish,"De esto hablamos cuando afirmamos que JANUS Proyecto Rural Integrador te regala una verdadera ""Experiencia Biodinámica"". Nuestras <em><strong>8 variedades de Cremas para untar</strong></em> son creación de la Naturaleza. Verduras biodinámicas cosechadas cuando nos lo pide la huerta. En la cocina se acondicionan apropiadamente  y se preparan sin secretos. El resultado te sorprenderá. Productos frescos y sanos como ningún otro. Para untar en nuestros Grisines crocantes, pan recién tostado o realzar colores y sabores de ensaladas, caldos, sopas, guisos o arroz. No pongas límite a tu imaginación.  Probalo y comentanos tu experiencia.

Envasamos artesanalmente los excedentes de nuestra producción estacional. Todas los envases de vidrio se estabilizan por pasteurización. Absolutamente natural, sin agregar conservantes ni sustancias estabilizadoras. Una vez abierto conservar en heladera y consumir en una semana."
Crema untable de GALLINA,4000,Contenido: 200 gr,crema-untable-de-gallina.jpeg,Productos Elaborados>Conservas de Hortalizas,,simple,featured,unpublish,"Esta Crema de <strong>GALLINA</strong> es diferente y de esto hablamos cuando afirmamos que JANUS Proyecto Rural Integrador te regala una verdadera ""Experiencia Biodinámica"". Nuestras <em><strong>8 variedades de Cremas para  untar</strong> </em>son creación de la Naturaleza. Verduras biodinámicas cosechadas cuando nos lo pide la huerta. En la cocina se acondicionan apropiadamente  y se preparan sin secretos. El resultado te sorprenderá. Productos frescos y sanos como ningún otro. Para untar en nuestros Grisines crocantes, pan recién tostado o realzar colores y sabores de caldos, sopas, guisos o arroz. No pongas límite a tu imaginación.  Probalo y comentanos tu experiencia.

Envasamos artesanalmente los excedentes de nuestra producción estacional. Todas los envases de vidrio se estabilizan por pasteurización. Absolutamente natural, sin agregar conservantes ni sustancias estabilizadoras. Una vez abierto conservar en heladera y consumir en una semana."
Crema untable de REMOLACHA,4000,Contenido: 200 gr,crema-untable-de-remolacha.jpeg,Productos Elaborados>Conservas de Hortalizas,,simple,featured,unpublish,"De esto hablamos cuando afirmamos que JANUS Proyecto Rural Integrador te regala una verdadera ""Experiencia Biodinámica"". Nuestras <strong><em>8 variedades de Cremas para untar</em></strong> son creación de la Naturaleza. Verduras biodinámicas cosechadas cuando nos lo pide la huerta. En la cocina se acondicionan apropiadamente  y se preparan sin secretos. El resultado te sorprenderá. Productos frescos y sanos como ningún otro. Para untar en nuestros Grisines crocantes, pan recién tostado o realzar colores y sabores de ensaladas, caldos, sopas, guisos o arroz. No pongas límite a tu imaginación.  Probalo y comentanos tu experiencia.

Envasamos artesanalmente los excedentes de nuestra producción estacional. Todas los envases de vidrio se estabilizan por pasteurización. Absolutamente natural, sin agregar conservantes ni sustancias estabilizadoras. Una vez abierto conservar en heladera y consumir en una semana."
Crema untable de NABO,4000,Contenido: 200 gr,crema-untable-de-nabo.jpeg,Productos Elaborados>Conservas de Hortalizas,,simple,featured,publish,"De esto hablamos cuando afirmamos que JANUS Proyecto Rural Integrador te regala una verdadera ""Experiencia Biodinámica"". Nuestras <em><strong>8 variedades de Cremas para untar</strong> </em>son creación de la Naturaleza. Verduras biodinámicas cosechadas cuando nos lo pide la huerta. En la cocina se acondicionan apropiadamente  y se preparan sin secretos. El resultado te sorprenderá. Productos frescos y sanos como ningún otro. Para untar en nuestros Grisines crocantes, pan recién tostado o realzar colores y sabores de ensaladas, caldos, sopas, guisos o arroz. No pongas límite a tu imaginación.  Probalo y comentanos tu experiencia.

Envasamos artesanalmente los excedentes de nuestra producción estacional. Todas los envases de vidrio se estabilizan por pasteurización. Absolutamente natural, sin agregar conservantes ni sustancias estabilizadoras. Una vez abierto conservar en heladera y consumir en una semana."
Crema untable de ZANAHORIA,4000,Contenido: 200 gr,crema-untable-de-zanahoria.jpeg,Productos Elaborados>Conservas de Hortalizas,,simple,featured,draft,"De esto hablamos cuando afirmamos que JANUS Proyecto Rural Integrador te regala una verdadera ""Experiencia Biodinámica"". Nuestras <strong>8 variedades de Cremas para untar</strong> son creación de la Naturaleza. Verduras biodinámicas cosechadas cuando nos lo pide la huerta. En la cocina se acondicionan apropiadamente  y se preparan sin secretos. El resultado te sorprenderá. Productos frescos y sanos como ningún otro. Para untar en nuestros Grisines crocantes, pan recién tostado o realzar colores y sabores de ensaladas, caldos, sopas, guisos o arroz. No pongas límite a tu imaginación.  Probalo y comentanos tu experiencia.

Envasamos artesanalmente los excedentes de nuestra producción estacional. Todas los envases de vidrio se estabilizan por pasteurización. Absolutamente natural, sin agregar conservantes ni sustancias estabilizadoras. Una vez abierto conservar en heladera y consumir en una semana."
Escabeche de BERENJENA,10000,Contenido: 360 cc,escabeche-de-berenjena.jpeg,Productos Elaborados>Conservas de Hortalizas,,simple,featured,publish,"El <strong>Escabeche</strong> es un método de conservación de alimentos en <strong>vinagre</strong>. Se llama así también al alimento así obtenido. El método para procesar un alimento en escabeche está dentro de las operaciones denominadas en cocina como <strong>Marinado</strong>.

De esto hablamos cuando afirmamos que JANUS Proyecto Rural Integrador te regala una verdadera ""Experiencia Biodinámica"". Nuestros Escabeches son creación de la Naturaleza y nosotros sólo somos el medio que elegistes para acercarlos a tu mesa.

Combinamos verduras biodinámicas cosechadas cuando nos lo pide la huerta. En la cocina se acondicionan apropiadamente  y se preparan sin secretos. El resultado te sorprenderá. Productos frescos y sanos como ningún otro. Para consumir fríos con nuestros Grisines crocantes, pan fresco o recién tostado. Probalos y comentanos tu experiencia.

Envasamos artesanalmente los excedentes de nuestra producción estacional. Todas los envases de vidrio se estabilizan por pasteurización. Absolutamente natural, sin agregar conservantes ni sustancias estabilizadoras. Una vez abierto conservar en heladera y consumir en una semana o dos."
Escabeche de GIRGOLAS (chico),5000,Contenido: 200 cc,escabeche-de-girgolas-chico.jpeg,Productos Elaborados>Conservas de Hortalizas,,simple,featured,publish,"El <strong>Escabeche</strong> es un método de conservación de alimentos en <strong>vinagre</strong>. Se llama así también al alimento así obtenido. El método para procesar un alimento en escabeche está dentro de las operaciones denominadas en cocina como <strong>Marinado</strong>. De esto hablamos cuando afirmamos que JANUS Proyecto Rural Integrador te regala una verdadera ""Experiencia Biodinámica"". Nuestros Escabeches son creación de la Naturaleza y nosotros sólo somos el medio que elegistes para acercarlos a tu mesa.

Combinamos verduras biodinámicas cosechadas cuando nos lo pide la huerta y las fortalecemos con nuestras Gírgolas de estación al 50% en peso.En la cocina se acondicionan apropiadamente  y se preparan sin secretos. El resultado te sorprenderá. Productos frescos y sanos como ningún otro. Para consumir fríos con nuestros Grisines crocantes, pan fresco o recién tostado. Si son amante de las Gírgolas, este es tu producto. Probalo y comentanos tu experiencia.

Envasamos artesanalmente los excedentes de nuestra producción estacional. Todas los envases de vidrio se estabilizan por pasteurización. Absolutamente natural, sin agregar conservantes ni sustancias estabilizadoras. Una vez abierto conservar en heladera y consumir en una semana o dos."
Escabeche de GALLINA,5000,Contenido: 360 cc,escabeche-de-gallina.jpeg,Productos Elaborados>Conservas de Hortalizas,,simple,featured,unpublish,"El <strong>Escabeche</strong> es un método de conservación de alimentos en <strong>vinagre</strong>. Se llama así también al alimento así obtenido. El método para procesar un alimento en escabeche está dentro de las operaciones denominadas en cocina como <strong>Marinado</strong>.

De esto hablamos cuando afirmamos que JANUS Proyecto Rural Integrador te regala una verdadera ""Experiencia Biodinámica"". Nuestros Escabeches son creación de la Naturaleza y nosotros sólo somos el medio que elegistes para acercarlos a tu mesa.

Combinamos verduras biodinámicas cosechadas cuando nos lo pide la huerta. En la cocina se acondicionan apropiadamente  y se preparan sin secretos. El resultado te sorprenderá. Productos frescos y sanos como ningún otro. Para consumir fríos con nuestros Grisines crocantes, pan fresco o recién tostado. Probalos y comentanos tu experiencia.

Envasamos artesanalmente los excedentes de nuestra producción estacional. Todas los envases de vidrio se estabilizan por pasteurización. Absolutamente natural, sin agregar conservantes ni sustancias estabilizadoras. Una vez abierto conservar en heladera y consumir en una semana o dos."
Ají dulce en vinagre,4000,Contenido: 360 cc,aji-dulce-en-vinagre.jpeg,Productos Elaborados>Conservas de Hortalizas>Vinagre,vinagre,simple,featured,unpublish,"El <strong>Vinagre</strong> es un método de conservación de alimentos con gusto argentino. Las conservas en vinagre no podían estar ausentes en nuestro Almacén. Pepinillos, Ajíes, Morrones y unos Pickles se encaminan a tu mesa a un ""click"" de distancia"".

De esto hablamos cuando afirmamos que JANUS Proyecto Rural Integrador te regala una verdadera ""Experiencia Biodinámica"".

Combinamos verduras biodinámicas cosechadas cuando nos lo pide la huerta. En la cocina se acondicionan apropiadamente  y se preparan sin secretos. El resultado te sorprenderá. Productos frescos y sanos como ningún otro. Para consumir fríos con nuestros Grisines crocantes, pan fresco o recién tostado. Probalos y comentanos tu experiencia.

Envasamos artesanalmente los excedentes de nuestra producción estacional. Todas los envases de vidrio se estabilizan por pasteurización. Absolutamente natural, sin agregar conservantes ni sustancias estabilizadoras. Una vez abierto conservar en heladera y consumir en una semana o dos."
Escabeche de GIRGOLAS,8000,Contenido: 360 cc,escabeche-de-girgolas.jpeg,Productos Elaborados>Conservas de Hortalizas,,simple,featured,unpublish,"El <strong>Escabeche</strong> es un método de conservación de alimentos en <strong>vinagre</strong>. Se llama así también al alimento así obtenido. El método para procesar un alimento en escabeche está dentro de las operaciones denominadas en cocina como <strong>Marinado</strong>. De esto hablamos cuando afirmamos que JANUS Proyecto Rural Integrador te regala una verdadera ""Experiencia Biodinámica"". Nuestros Escabeches son creación de la Naturaleza y nosotros sólo somos el medio que elegistes para acercarlos a tu mesa.

Combinamos verduras biodinámicas cosechadas cuando nos lo pide la huerta y las fortalecemos con nuestras Gírgolas de estación al 50% en peso.En la cocina se acondicionan apropiadamente  y se preparan sin secretos. El resultado te sorprenderá. Productos frescos y sanos como ningún otro. Para consumir fríos con nuestros Grisines crocantes, pan fresco o recién tostado. Si son amante de las Gírgolas, este es tu producto. Probalo y comentanos tu experiencia.

Envasamos artesanalmente los excedentes de nuestra producción estacional. Todas los envases de vidrio se estabilizan por pasteurización. Absolutamente natural, sin agregar conservantes ni sustancias estabilizadoras. Una vez abierto conservar en heladera y consumir en una semana o dos."
Pepinillos en vinagre,8000,Contenido: 360 cc,pepinillos-en-vinagre.jpeg,Productos Elaborados>Conservas de Hortalizas>Vinagre,vinagre,simple,featured,publish,"El <strong>Vinagre</strong> es un método de conservación de alimentos con gusto argentino. Las conservas en vinagre no podían estar ausentes en nuestro Almacén. Pepinillos, Ajíes, Morrones y unos Pickles se encaminan a tu mesa a un ""click"" de distancia"". De esto hablamos cuando afirmamos que JANUS Proyecto Rural Integrador te regala una verdadera ""Experiencia Biodinámica"".

Combinamos verduras biodinámicas cosechadas cuando nos lo pide la huerta. En la cocina se acondicionan apropiadamente  y se preparan sin secretos. El resultado te sorprenderá. Productos frescos y sanos como ningún otro. Para consumir fríos con nuestros Grisines crocantes, pan fresco o recién tostado. Probalos y comentanos tu experiencia.

Envasamos artesanalmente los excedentes de nuestra producción estacional. Todas los envases de vidrio se estabilizan por pasteurización. Absolutamente natural, sin agregar conservantes ni sustancias estabilizadoras. Una vez abierto conservar en heladera y consumir en una semana o dos."
Morrón en aceite 360cc,3000,Contenido: 360 cc,morron-en-aceite-360cc.jpeg,Productos Elaborados>Conservas de Hortalizas,aceite,simple,featured,draft,"Combinamos verduras biodinámicas cosechadas cuando nos lo pide la huerta. En la cocina se acondicionan apropiadamente  y se preparan sin secretos. El resultado te sorprenderá. Productos frescos y sanos como ningún otro. Para consumir fríos con nuestros Grisines crocantes, pan fresco o recién tostado. Probalos y comentanos tu experiencia.

Envasamos artesanalmente los excedentes de nuestra producción estacional. Todas los envases de vidrio se estabilizan por pasteurización. Absolutamente natural, sin agregar conservantes ni sustancias estabilizadoras. Una vez abierto conservar en heladera y consumir en una semana o dos."
Chutney de TOMATE suave,3500,Contenido: 360 cc,chutney-de-tomate-suave.jpeg,Productos Elaborados>Conservas de Hortalizas,,simple,featured,draft,"El <strong>Vinagre</strong> es un método de conservación de alimentos con gusto argentino. Las conservas en vinagre no podían estar ausentes en nuestro Almacén. El <strong>Chutney</strong> es un condimento agridulce, una especie de confitura que se elabora con frutas o verduras cocidas en vinagre, con especias y azúcar. Es una bomba de sabor originaria de La India, donde se denomina <em>chatni</em> y significa “para chupar” en el sentido de “chuparse los dedos”. Aunque la receta de Janus se aleja mucho de las originales, realza el sabor de los tomates en sus 2 preparaciones: ""Suave"" e ""Intenso"".

De esto hablamos cuando afirmamos que JANUS Proyecto Rural Integrador te regala una verdadera ""Experiencia Biodinámica"". Combinamos verduras biodinámicas cosechadas cuando nos lo pide la huerta. En la cocina se acondicionan apropiadamente  y se preparan sin secretos. El resultado te sorprenderá. Productos frescos y sanos como ningún otro. Se recomienda consumir con carnes, pero vos le vas a encontrar la modalidad de tu preferencia.  Probalos y comentanos tu experiencia.

Envasamos artesanalmente los excedentes de nuestra producción estacional. Todas los envases de vidrio se estabilizan por pasteurización. Absolutamente natural, sin agregar conservantes ni sustancias estabilizadoras. Una vez abierto conservar en heladera y consumir en una semana o dos."
Chutney de TOMATE intenso,3000,Contenido: 160 cc,chutney-de-tomate-intenso.jpeg,Productos Elaborados>Conservas de Hortalizas,,simple,featured,publish,"El <strong>Vinagre</strong> es un método de conservación de alimentos con gusto argentino. Las conservas en vinagre no podían estar ausentes en nuestro Almacén. El <strong>Chutney</strong> es un condimento agridulce, una especie de confitura que se elabora con frutas o verduras cocidas en vinagre, con especias y azúcar. Es una bomba de sabor originaria de La India, donde se denomina <em>chatni</em> y significa “para chupar” en el sentido de “chuparse los dedos”. Aunque la receta de Janus se aleja mucho de las originales, realza el sabor de los tomates en sus 2 preparaciones: ""Suave"" e ""Intenso"".

De esto hablamos cuando afirmamos que JANUS Proyecto Rural Integrador te regala una verdadera ""Experiencia Biodinámica"". Combinamos verduras biodinámicas cosechadas cuando nos lo pide la huerta. En la cocina se acondicionan apropiadamente  y se preparan sin secretos. El resultado te sorprenderá. Productos frescos y sanos como ningún otro. Para consumir con carnes, pero le vas a encontrar la combinación de tu preferencia.. No es picante, es ""Intenso"". Probalo y comentanos tu experiencia.

Envasamos artesanalmente los excedentes de nuestra producción estacional. Todas los envases de vidrio se estabilizan por pasteurización. Absolutamente natural, sin agregar conservantes ni sustancias estabilizadoras. Una vez abierto conservar en heladera y consumir en una semana o dos."
Puré de MANZANA,3000,Contenido: 200 gr,pure-de-manzana.jpeg,Productos Elaborados>Conservas de Frutas,,simple,featured,unpublish,"De esto hablamos cuando afirmamos que JANUS Proyecto Rural Integrador te regala una verdadera ""Experiencia Biodinámica"". Frutas biodinámicas cosechadas en su punto óptimo de madurez. En la cocina se acondicionan apropiadamente  y se preparan sin secretos. El resultado te sorprenderá. Productos frescos y sanos como ningún otro. Sin agregado de azúcar, las manzanas rojas son dulces por si mismas y de poca acidez. Para bebés o para acompañar  carnes asadas; aunque seguro le vas a encontrar la combinación de tu preferencia. Probalos y comentanos tu experiencia.

Envasamos artesanalmente los excedentes de nuestra producción estacional. Todas los envases de vidrio se estabilizan por pasteurización. Absolutamente natural, sin agregar conservantes ni sustancias estabilizadoras. Una vez abierto conservar en heladera y consumir en una semana o dos."
Huevos de GALLINA (Mix Janus-Ruca Lihue),264,Contenido: 6 unidades. En invierno la postura es reducida. Eventualmente algunas entregas se realizarán con demoras.,huevos-de-gallina-mix-janus-ruca-lihue.jpeg,Productos Frescos>Granja,,simple,featured|outofstock,draft,"Una limitada cantidad de gallinas pastoreando bajo manzanos se alimentan con granos y pasturas biodinámicas produciendo limitadas cantidades de huevos de tamaño mediano a pequeño pero de condición superlativa.

De color y tamaño desuniformes, estos huevos son producto de la Naturaleza ya que nuestras gallinas regulan su postura en armonía con los ciclos estacionales.

Las posturas son diarias pero no siempre tenemos para entregar. Si no alcanzamos a reunir la cantidad necesaria para cumplir con tu pedido te queda la reserva confirmada para entregarte en cuanto contemos con ellos. ¡Gracias por tu comprensión!

&nbsp;"
Huevos de GANSO,240,Contenido: 1 unidad,huevos-de-ganso.jpeg,Productos Frescos>Granja,,simple,featured,draft,"Atentos vigilantes de la armonía en el corral, se pasean elegantes por el corredor externo sin dejar de percibir ningún movimiento extraño. Se ganan la vida ofreciéndonos esos maravillosos huevos, más de 3 veces del tamaño de uno de gallina.

Alimentados de pasturas, granos y frutas biodinámicas, sus huevos nos sorprenden no sólo por su tamaño sino también por su calidad. Probarlos es homenajearlos reconociendo su valiosa participación en la armonía de nuestra Granja Biodinámica.

&nbsp;"
Huevos de PATO,240,Contenido: 2 unidades,huevos-de-pato.jpeg,Productos Frescos>Granja,,simple,featured|outofstock,draft,"Atentos vigilantes de la armonía en el corral, disfrutan del estanque sin dejar de percibir ningún movimiento extraño. Se ganan la vida ofreciéndonos esos maravillosos huevos, casi 2 veces más grandes de uno de gallina.

Alimentados de pasturas, granos y frutas biodinámicas, sus huevos nos sorprenden no sólo por su tamaño sino también por su calidad. Probarlos es homenajearlos reconociendo su valiosa participación en la armonía de nuestra Granja Biodinámica.

&nbsp;"
Ricota,5000,Contenido: 500 gr,ricota.jpeg,Productos Frescos>Lácteos,,simple,featured,publish,"Absolutamente Natural, procesamos la leche el mismo día del ordeñe. Sin agregado de sal ni azúcar, puede adaptarse a preparaciones dulces o saladas condimentando a gusto.

Al no contener conservantes es necesario mantener en heladera y consumir en menos de una semana.

Todos nuestros productos elaborados tienen un número de referencia sellado en la tapa para asegurar su trazabilidad ante cualquier duda, consulta o comentario sobre ellos."
Queso FRESCO,600,Contenido: 250 gr,queso-fresco.jpeg,Productos Frescos>Lácteos,,simple,featured,draft,"Absolutamente Natural, procesamos la leche el mismo día del ordeñe y te lo entregamos sin estacioinamiento. ¡Es un concentrado de leche fresca!

Apenas salado, puede acompañarte en todas las comidas del día.

&nbsp;"
Queso CREMOSO,5200,Contenido: ~300 gr,queso-cremoso.jpeg,Productos Frescos>Lácteos,,simple,featured,unpublish,"Absolutamente Natural, procesamos la leche el mismo día del ordeñe y te lo entregamos sin estacioinamiento. ¡Es un concentrado de leche fresca!

Apenas salado, puede acompañarte en todas las comidas del día.

&nbsp;"
Queso SEMIDURO,12000,Contenido: ~300 gr.,queso-semiduro.jpeg,Productos Frescos>Lácteos,,simple,featured,unpublish,"Absolutamente Natural, procesamos la leche el mismo día del ordeñe y te lo entregamos luego de un estacionamiento de 45  60 días, más durito y salado que un queso fresco. Entre 250 y 300 gramos."
Harina Integral de Trigo,4000,Contenido: 1 kg,harina-integral-de-trig.jpeg,Productos Frescos>Panificados,,simple,featured,draft,"De esto hablamos cuando afirmamos que JANUS Proyecto Rural Integrador te regala una verdadera ""Experiencia Biodinámica"". Trigo biodinámico del Establecimiento Agroecológico Solskin (Tandil, Provincia de Buenos Aires), procesado en nuestro molino de piedras el día anterior nos asegura un producto finamente molido y con el mejor contenido vital posible. El resultado te sorprenderá..."
ZAPALLO en almibar,8000,Contenido: 360 cc (500 gr aprox),zapallo-en-almibar.jpeg,Productos Elaborados>Conservas de Frutas,,simple,featured,publish,"De esto hablamos cuando afirmamos que JANUS Proyecto Rural Integrador te regala una verdadera ""Experiencia Biodinámica"". Cosechamos los zapallos con la madurez adecuada, En la cocina se acondicionan apropiadamente y se preparan sin secretos. El resultado te sorprenderá. Productos sanos como ningún otro. Probalos y comentanos tu experiencia.

Envasamos artesanalmente los excedentes de nuestra producción estacional. Todas los envases de vidrio se estabilizan por pasteurización. Absolutamente natural, sin agregar conservantes ni sustancias estabilizadoras. Una vez abierto conservar en heladera y consumir en una semana.

Por cualquier comentario sobre la condición del producto, por favor referirnos al número de identificación en la tapa para cotejar con los datos que tenemos de cada partida envasada. Todo comentario nos ayuda a mejorar. ¡Gracias!

&nbsp;"
Dulce de CIRUELA,5000,Contenido: 360 cc (500 gr aprox),dulce-de-ciruela.jpeg,Productos Elaborados>Dulces,,simple,featured,publish,"De esto hablamos cuando afirmamos que JANUS Proyecto Rural Integrador te regala una verdadera ""Experiencia Biodinámica"". Ciruelas biodinámicas, cosechadas con la madurez adecuada, En la cocina se acondicionan apropiadamente y se preparan sin secretos. El resultado te sorprenderá. Productos sanos como ningún otro. Este dulce lleva 500 gr de azúcar por kilogramo de fruta. Probalo y comentanos tu experiencia.

Envasamos artesanalmente los excedentes de nuestra producción estacional. Todas los envases de vidrio se estabilizan por pasteurización. Absolutamente natural, sin conservantes ni sustancias estabilizadoras. Una vez abierto conservar en heladera y consumir en una semana.

Por cualquier comentario sobre la condición del producto, por favor referirnos al número de identificación en la tapa para cotejar con los datos que tenemos de cada partida envasada. Todo comentario nos ayuda a mejorar. ¡Gracias!

&nbsp;"
Dulce de DAMASCO,5000,Contenido: 360 cc (500 gr aprox),dulce-de-damasco.jpeg,Productos Elaborados>Dulces,,simple,featured,unpublish,"Los damascos de ""García"", nuestro colaborador desde hace tiempo, nos anticipan cada año el inicio de la temporada frutícola. Cosechados con la madurez adecuada, en la cocina se acondicionan apropiadamente y se preparan sin secretos. El resultado te sorprenderá. Productos sanos como ningún otro. Este dulce lleva 500 gr de azúcar por kilogramo de fruta. Probalo y comentanos tu experiencia.

Envasamos artesanalmente los excedentes de nuestra producción estacional. Todas los envases de vidrio se estabilizan por pasteurización. Absolutamente natural, sin conservantes ni sustancias estabilizadoras. Una vez abierto conservar en heladera y consumir en una semana.

Por cualquier comentario sobre la condición del producto, por favor referirnos al número de identificación en la tapa para cotejar con los datos que tenemos de cada partida envasada. Todo comentario nos ayuda a mejorar. ¡Gracias!

&nbsp;"
Dulce de MEMBRILLO,4200,Contenido: 300 gr,dulce-de-membrillo.jpeg,Productos Elaborados>Dulces,,simple,featured,unpublish,"Nuestra primer cosecha de membrillos llega a tu mesa. Cosechados con la madurez adecuada, en la cocina se acondicionan apropiadamente y se preparan sin secretos. El resultado te sorprenderá. Productos sanos como ningún otro. Este dulce lleva 500 gr de azúcar por kilogramo de fruta. Probalo y comentanos tu experiencia. ¡Gracias!
"
Dulce de MANZANA,5000,Contenido: 360 cc (500 gr aprox),dulce-de-manzana.jpeg,Productos Elaborados>Dulces,,simple,featured,publish,"Con Pomelos de algunos jardines de por aquí nomás hacemos el jugo que da un toque especial al clásico dulce de nuestras Manzanas Red Delicious. El resultado te sorprenderá. Productos sanos como ningún otro. Este dulce lleva 500 gr de azúcar por kilogramo de fruta. Probalo y comentanos tu experiencia.

Envasamos artesanalmente los excedentes de nuestra producción estacional. Todas los envases de vidrio se estabilizan por pasteurización. Absolutamente natural, sin conservantes ni sustancias estabilizadoras. Una vez abierto conservar en heladera y consumir en una semana.

Por cualquier comentario sobre la condición del producto, por favor referirnos al número de identificación en la tapa para cotejar con los datos que tenemos de cada partida envasada. Todo comentario nos ayuda a mejorar. ¡Gracias!

&nbsp;"
Dulce de MORA,8000,Contenido: 360 cc (500 gr aprox),dulce-de-mora.jpeg,Productos Elaborados>Dulces,,simple,featured,publish,"De esto hablamos cuando afirmamos que JANUS Proyecto Rural Integrador te regala una verdadera ""Experiencia Biodinámica"". Moras biodinámicas, cosechadas con la madurez adecuada, En la cocina se acondicionan apropiadamente y se preparan sin secretos. El resultado te sorprenderá. Productos sanos como ningún otro. Este dulce lleva 500 gr de azúcar por kilogramo de fruta. Probalo y comentanos tu experiencia.

Envasamos artesanalmente los excedentes de nuestra producción estacional. Todas los envases de vidrio se estabilizan por pasteurización. Absolutamente natural, sin conservantes ni sustancias estabilizadoras. Una vez abierto conservar en heladera y consumir en una semana.

Por cualquier comentario sobre la condición del producto, por favor referirnos al número de identificación en la tapa para cotejar con los datos que tenemos de cada partida envasada. Todo comentario nos ayuda a mejorar. ¡Gracias!

&nbsp;"
Dulce de PERA,5000,Contenido: 360 cc (500 gr aprox),dulce-de-pera.jpeg,Productos Elaborados>Dulces,,simple,featured,unpublish,"De esto hablamos cuando afirmamos que JANUS Proyecto Rural Integrador te regala una verdadera ""Experiencia Biodinámica"". Peras biodinámicas, cosechadas con la madurez adecuada, En la cocina se acondicionan apropiadamente y se preparan sin secretos. Este año potenciamos el sabor característico de la Pera Williams con Canela, Pimienta de Jamaica y Nuez Moscada, un combo de especias inigualable. El resultado te sorprenderá. Productos sanos como ningún otro. Este dulce lleva 500 gr de azúcar por kilogramo de fruta. Probalo y comentanos tu experiencia.

Envasamos artesanalmente los excedentes de nuestra producción estacional. Todas los envases de vidrio se estabilizan por pasteurización. Absolutamente natural, sin conservantes ni sustancias estabilizadoras. Una vez abierto conservar en heladera y consumir en una semana.

Por cualquier comentario sobre la condición del producto, por favor referirnos al número de identificación en la tapa para cotejar con los datos que tenemos de cada partida envasada. Todo comentario nos ayuda a mejorar. ¡Gracias!

&nbsp;"
Dulce de TOMATE,5000,Contenido: 360 cc (500 gr aprox),dulce-de-tomate.jpeg,Productos Elaborados>Dulces,,simple,featured,publish,"De esto hablamos cuando afirmamos que JANUS Proyecto Rural Integrador te regala una verdadera ""Experiencia Biodinámica"". Tomates biodinámicas, cosechadas con la madurez adecuada, En la cocina se acondicionan apropiadamente y se preparan sin secretos. Las abuelas nos acostumbraron al dulce de Tomate Todo se aprovechaba en esa época. Para disfrutar a ojos cerrados. El resultado te sorprenderá. Productos sanos como ningún otro. Este dulce lleva 500 gr de azúcar por kilogramo de fruta. Probalo y comentanos tu experiencia.

Envasamos artesanalmente los excedentes de nuestra producción estacional. Todas los envases de vidrio se estabilizan por pasteurización. Absolutamente natural, sin conservantes ni sustancias estabilizadoras. Una vez abierto conservar en heladera y consumir en una semana.

Por cualquier comentario sobre la condición del producto, por favor referirnos al número de identificación en la tapa para cotejar con los datos que tenemos de cada partida envasada. Todo comentario nos ayuda a mejorar. ¡Gracias!

&nbsp;"
Dulce de CIRUELA con Pera,5000,Contenido: 360 cc (500 gr aprox),dulce-de-ciruela-con-pera.jpeg,Productos Elaborados>Dulces,,simple,featured,draft,"De esto hablamos cuando afirmamos que JANUS Proyecto Rural Integrador te regala una verdadera ""Experiencia Biodinámica"". Peras y Ciruelas biodinámicas, cosechadas con la madurez adecuada, En la cocina se acondicionan apropiadamente y se preparan sin secretos. El resultado te sorprenderá. Productos sanos como ningún otro. Este dulce lleva 500 gr de azúcar por kilogramo de fruta. Si te gusta el dulce de Peras pero te resulta poco ácido, probá este blend con Ciruelas Larry Ann y comentanos tu experiencia.

Envasamos artesanalmente los excedentes de nuestra producción estacional. Todas los envases de vidrio se estabilizan por pasteurización. Absolutamente natural, sin conservantes ni sustancias estabilizadoras. Una vez abierto conservar en heladera y consumir en una semana.

Por cualquier comentario sobre la condición del producto, por favor referirnos al número de identificación en la tapa para cotejar con los datos que tenemos de cada partida envasada. Todo comentario nos ayuda a mejorar. ¡Gracias!

&nbsp;"
Dulce de TOMATE y Manzana,5000,Contenido: 360 cc (500 gr aprox),dulce-de-tomate-y-manzana.jpeg,Productos Elaborados>Dulces,,simple,featured,draft,"De esto hablamos cuando afirmamos que JANUS Proyecto Rural Integrador te regala una verdadera ""Experiencia Biodinámica"". Tomates y Manzanas biodinámicas, cosechadas con la madurez adecuada, en la cocina se acondicionan apropiadamente y se preparan sin secretos.

Las abuelas nos acostumbraron al dulce de Tomate; todo se aprovechaba en esa época. Este emblemático dulce rionegrino se obtenía a partir la hermandad natural entre la chacra y la huerta.

Para disfrutar a ojos cerrados. El resultado te sorprenderá. Productos sanos como ningún otro. Este dulce lleva 500 gr de azúcar por kilogramo de fruta. Probalo y comentanos tu experiencia.

Envasamos artesanalmente los excedentes de nuestra producción estacional. Todas los envases de vidrio se estabilizan por pasteurización. Absolutamente natural, sin conservantes ni sustancias estabilizadoras. Una vez abierto conservar en heladera y consumir en una semana.

Por cualquier comentario sobre la condición del producto, por favor referirnos al número de identificación en la tapa para cotejar con los datos que tenemos de cada partida envasada. Todo comentario nos ayuda a mejorar. ¡Gracias!

&nbsp;"

Tomate confitado,10000,"Contenido: 360 cc",tomate-confitado.jpeg,Productos Elaborados>Conservas de Hortalizas,,simple,featured,publish,"¡Especialidad de la Casa! Tomates Cherries rojos y amarillos biodinámicoa cosechados durante el verano y procesados sin secretos. Enteritos van al horno, espolvoreo de aziúcar y después enfrascar con baño de aceite, condimentos y alguna hojita de la huerta. Irresistible para comer solito, con pan o acompañando carnes. Probalos y comentanos tu experiencia. ¡Gracias!

Envasamos artesanalmente los excedentes de nuestra producción estacional. Todas las frascos se estabilizan por pasteurización. Absolutamente natural. Una vez abierto conservar en heladera y consumir en la semana."
Pan de harina integral,480,Contenido: 500 gramos,pan-de-harina-integral.jpeg,Productos Frescos>Panificados,,simple,featured,draft,"Trigo biodinámico del Establecimiento Agroecológico Solskin (Tandil, Provincia de Buenos Aires), procesado en nuestro molino de piedras el día anterior y horneado poco antes de llegar a tu mesa; asegurando un alimento sano, vital y nutritivo. De esto hablamos cuando afirmamos que JANUS Proyecto Rural Integrador te regala una verdadera ""Experiencia Biodinámica"". Probalo, el resultado te sorprenderá..."
Grisines de harina integral,384,Contenido: 130 gramos,grisines-de-harina-integral.jpeg,Productos Frescos>Panificados,,simple,featured,draft,"De esto hablamos cuando afirmamos que JANUS Proyecto Rural Integrador te regala una verdadera ""Experiencia Biodinámica"". Trigo biodinámico del Establecimiento Agroecológico Solskin (Tandil, Provincia de Buenos Aires), procesado en nuestro molino de piedras el día anterior, amasado y horneado en nuestra reluciente cocina artesanal, para asegurarte un alimento sano, vitall, nutritivo y como si esto fuera poco, multiuso y divertido.

Probalos con nuestros dulces o untables de verduras. El resultado te sorprenderá..."
Budín de harina integral,2000,Contenido: 450 gramos (+/- 50 gr),budin-de-harina-integral.jpeg,Productos Frescos>Panificados|Productos Elaborados,,simple,featured,draft,"<!--more-->Budín de Manzana y algo más, como nueces o cascaritas de cítricos de jardín y canela o jengibre; en fin, lo que tengamos a mano en ese momento. Trigo biodinámico del Establecimiento Agroecológico Solskin (Tandil, Provincia de Buenos Aires), procesado en nuestro molino de piedras el día anterior, amasado y horneado en nuestra reluciente cocina artesanal, para asegurarte un alimento sano, vital, nutritivo.El resultado te sorprenderá. De esto hablamos cuando afirmamos que JANUS Proyecto Rural Integrador te regala una verdadera ""Experiencia Biodinámica""."
Pizzetas de harina integral,420,Contenido: 6 unidades (300 gramos aprox.),pizzetas-de-harina-integral.jpeg,Productos Frescos>Panificados,,simple,featured,draft,"Con una pintadita de Pimentón, estas pizzetas se pueden comer tibias y untadas con las cremitas de verduras o adornadas con tomates, queso y rúcula como se muestra en la foto. ¡Un festival de productos Janus, sabrosos, vitales y nutritivos. Probalas, el resultado te sorprenderá...

De esto hablamos cuando afirmamos que JANUS Proyecto Rural Integrador te regala una verdadera ""Experiencia Biodinámica"". Trigo biodinámico del Establecimiento Agroecológico Solskin (Tandil, Provincia de Buenos Aires), procesado en nuestro molino de piedras el día anterior, amasado y horneado en nuestra reluciente cocina artesanal, para asegurarte un alimento sano."
MANTECA clarificada (Ghee),12000,Contenido: 160 cc,manteca-clarificada-ghee.jpeg,Productos Frescos>Lácteos,,simple,featured,unpublish,"Es una variedad de manteca clarificada que, en su proceso de elaboración, se mejora la calidad del agua y se elimina la lactosa y la caseína, las sustancias que causan intolerancias.

Al soportar altas temperaturas sin quemarse, es apto para cocción. Sirve para engrasar budineras, fuentes y placas. En preparaciones dulces y saladas, reemplaza otras materias grasas, ya sea manteca o cualquier tipo de aceites.

Preferir que sea un producto elaborado con leche de vacas de pastura. De esta forma, el aporte nutricional será mayor.

Sus beneficios son múltiples.

- Brinda una grasa nutritiva, de fácil digestión y con muchas propiedades terapéuticas.

- Es una fuente de vitaminas liposolubles A, D, E y K. Estas células tienen una función antioxidante, regulan la actividad neuronal y la absorción minerales en el intestino. Además, participan en procesos de fertilidad y hormonal.

- Ayuda a regular la flora bacteriana benéfica y estimula la evacuación.

- Por su alto contenido en ácido láurico, tiene propiedades antivirales y antifúngicas.

- Posee cualidades antiinflamatorias y desintoxicantes.

- Está recomendado para problemas de digestión e intestino irritable.

- Su consumo dentro de un plan de alimentación saludable no aumenta el colesterol. Al ser rico en grasas saturadas, debe consumirse con moderación (la porción depende de cada persona).

Absolutamente Natural, procesamos la leche el mismo día del ordeñe. Sin agregado de sal ni azúcar, puede adaptarse a preparaciones dulces o saladas condimentando a gusto.

No es necesario refrigerar.

&nbsp;"
Jugo de CIRUELA,7000,Contenido: 1.000 cc,jugo-de-ciruela.jpeg,Productos Elaborados>Jugos y Bebidas,,simple,featured|outofstock,draft,"Sin prensado ni filtrado ni exprimido, hacemos nuestros jugos por el proceso más natural posible, en una olla juguera por arrastre de vapor; igualita a la de la abuela, que usa el calor y el vapor como fuente de extracción del jugo, aunque de acero inoxidable y con mayor capacidad, para ""sacarle el jugo"" a todas nuestras frutas de verano.

De esto hablamos cuando afirmamos que JANUS Proyecto Rural Integrador te regala una verdadera ""Experiencia Biodinámica"". Ciruelas biodinámicas de 2 productores amigos, cosechadas con la madurez adecuada, En la cocina se acondicionan apropiadamente y se preparan sin secretos. El resultado te sorprenderá. Productos sanos como ningún otro. Probá estos jugos y comentanos tu experiencia.

Envasamos artesanalmente los excedentes de nuestra producción estacional. Todas los envases de vidrio se estabilizan por pasteurización. Absolutamente natural, sin conservantes ni sustancias estabilizadoras. Una vez abierto conservar en heladera y consumir en una semana.

Por cualquier comentario sobre la condición del producto, por favor referirnos al número de identificación en la tapa para cotejar con los datos que tenemos de cada partida envasada. Todo comentario nos ayuda a mejorar. ¡Gracias!

&nbsp;"
LICOR de Ciruela,6000,Contenido: 250 cc,licor-de-ciruela.jpeg,Productos Elaborados>Jugos y Bebidas>alcóholicas,,simple,featured,publish,"Licorcito de entrecasa, suave pero no tanto. No da para compartir, porque te quedás sin. Recuerdo que así lo decía la abuela...

De esto hablamos cuando afirmamos que JANUS Proyecto Rural Integrador te regala una verdadera ""Experiencia Biodinámica"". Ciruelas biodinámicas de 2 productores amigos, cosechadas con la madurez adecuada, En la cocina se acondicionan apropiadamente y se preparan sin secretos. El resultado te sorprenderá. Productos sanos como ningún otro. Probalo comentanos tu experiencia.

&nbsp;"
CAÑA con ruda (Petaquita),444,Contenido: 230 cc,cana-con-ruda-petaquita.jpeg,Productos Elaborados>Jugos y Bebidas>alcóholicas,,simple,featured,draft,"Este año continuamos el impulso que tomamos el año pasado y seguimos aprovechando la ruda que desde siempre habita la chacra. En la cocina se la trabajaron con entusiasmo preparando sin secretos este homenaje a la Madre tierra que nos alimenta todo el año sin pedirnos nada a cambio. El resultado te sorprenderá. Probala y comentanos tu experiencia. De esto hablamos cuando afirmamos que JANUS Proyecto Rural Integrador te regala una verdadera ""Experiencia Biodinámica"".

<strong>Aclaración necesaria: </strong>Esta petaquita con tapa a rosca tiene el tamaño ideal como para acompañarte todo el año. Siempre tendrás motivos para agradecer y fortalecerse."
Sidra de Pera PEER,5500,Contenido: 500 cc,sidra-de-pera-peer.jpeg,Productos Elaborados>Jugos y Bebidas>alcóholicas,,simple,featured,unpublish,"En Janus celebramos la llegada de este original producto afirmando simplemente que está muy bien hecho, lo que no es poco en estos tiempos. Merece tener derecho a llegar a todos los hogares y convertirse en una bebida para acompañar buenos momentos, esos que a veces te sorprenden en cualquier momento. No sólo para tomar ""del pico"" o en copón, sino excelente caldo para reducir cocciones de todo tipo. Probala, dale lugar al emprendurismo local, date un gusto..."
Sidra de Manzana Gran SUREÑA,3200,Contenido: 750 cc,sidra-de-manzana-gran-surena.jpeg,Productos Elaborados>Jugos y Bebidas>alcóholicas,,simple,featured,draft,"Este Almacén estaría incompleto si no tuviera en su mostrador una buena sidra de manzana como representante de la producción frutícola norpatagónica. Para convidar y/o convidarse, para regalar y/o regalarse buenos momentos, de esos que a veces te sorprenden en cualquier momento.

No sólo para tomar ""del pico"" o en copón, sino excelente caldo para reducir cocciones de todo tipo. Probala, dale lugar a la buena industria local, date un gusto..."
Vinagre de sidra de Manzana (chico),7500,Contenido: 250 cc,vinagre-de-sidra-de-manzana-chico.jpeg,Productos Elaborados>Jugos y Bebidas,vinagre,simple,featured,publish,"<big>El vinagre de manzana artesanal tiene múltiples propiedades para la salud ya que obtiene por un proceso de fermentación natural pero mantiene todas sus todas sus propidades porque no se filtra ni se pasteuriza.</big>

<strong>Algunas de ellas son:</strong>
<ul>
 	<li><big>Ayuda a depurar nuestro organismo, favoreciendo la función del hígado.</big></li>
 	<li><big>Ayuda a regula el PH de nuestro cuerpo.</big></li>
 	<li><big>Ayuda a bajar la presión arterial y el azúcar en sangre.</big></li>
 	<li><big>Colabora en la eliminación de líquidos retenidos por su acción diurética.</big></li>
 	<li><big>Colabora en el descenso de los triglicéridos.</big></li>
 	<li><big>Alivia el reflujo ácido y el ardor del estómago.</big></li>
 	<li><big>Mejora la digestión y favorece la evacuación a diario.</big></li>
 	<li><big>Acelera el metabolismo y ayuda a bajar peso.</big></li>
 	<li><big>Ayuda para controlar hongos en los pies y la piel.</big></li>
 	<li><big>Calma picaduras de inséctos y quemaduras solares.</big></li>
 	<li><big>Acondicionador natural que aporta brillo al cabello.</big></li>
 	<li><big>Ayuda a blanquear nuestros dientes.</big></li>
</ul>"
Vinagre de sidra de Manzana (500 cc),13000,Contenido: 500 cc,vinagre-de-sidra-de-manzana-500-cc.jpeg,Productos Elaborados>Jugos y Bebidas,vinagre,simple,featured,publish,"<big>El vinagre de manzana artesanal tiene múltiples propiedades para la salud ya que obtiene por un proceso de fermentación natural pero mantiene todas sus todas sus propidades porque no se filtra ni se pasteuriza.</big>

<strong>Algunas de ellas son:</strong>
<ul>
 	<li><big>Ayuda a depurar nuestro organismo, favoreciendo la función del hígado.</big></li>
 	<li><big>Ayuda a regula el PH de nuestro cuerpo.</big></li>
 	<li><big>Ayuda a bajar la presión arterial y el azúcar en sangre.</big></li>
 	<li><big>Colabora en la eliminación de líquidos retenidos por su acción diurética.</big></li>
 	<li><big>Colabora en el descenso de los triglicéridos.</big></li>
 	<li><big>Alivia el reflujo ácido y el ardor del estómago.</big></li>
 	<li><big>Mejora la digestión y favorece la evacuación a diario.</big></li>
 	<li><big>Acelera el metabolismo y ayuda a bajar peso.</big></li>
 	<li><big>Ayuda para controlar hongos en los pies y la piel.</big></li>
 	<li><big>Calma picaduras de inséctos y quemaduras solares.</big></li>
 	<li><big>Acondicionador natural que aporta brillo al cabello.</big></li>
 	<li><big>Ayuda a blanquear nuestros dientes.</big></li>
</ul>"
¿QUÉ ES LA AGRICULTURA BIODINÁMICA?,2000,"Herbert Koebf

48 pp, Editorial Antroposófica, 2012",que-es-la-agricultura-biodinamica.jpeg,Esenciales,,simple,featured,draft,"La <strong>Agricultura Biodinámica</strong> despierta hoy un gran interés en numerosas personas. Podemos preguntarnos cómo puede ella contribuir a la producción hortícola y agrícola de manera que produzca suficientes alimentos para las generaciones presentes y futuras. Alimentos que aseguren la buena salud del cuerpo y del espíritu, que estén exentos de residuos químicos nocivos, que crezcan sin tener que contaminar el medio ambiente; gracias a una agricultura que no devaste los paisajes ni destruya las comunidades animales y vegetales, alimentos en fin, cuya producción no precise de un gasto abusivo de reservas en materias primas y energía de nuestro planeta.

¿Dónde hallamos hoy un trabajo agrícola que comprenda valores humanos y que trascienda las motivaciones meramente económicas?. Un trabajo que prometa a la juventud una realización personal y una vida con sentido.

En este <strong>pequeño gran libro</strong> se plantean una serie de preguntas concretas y acuciantes. No se puede hablar hoy de agricultura y alimentación sin al menos haberlas formulado, avanzando a paso firme por el sendero de la  ""Agricultura"", ""Alimentación"" y ""Salud"" y reconociendo su impacto en la sociedad toda...

Desde <strong>JANUS Proyecto Rural Integrador</strong> no te vamos a contar qué es la ABD. Alimentándote con nuestros productos y el espíritu de este librito encontrarás las respuestas en su interior..."
AGENDA Biodinámica 2020,360,"&nbsp;

&nbsp;

&nbsp;"agenda-biodinamica-2020.jpeg,Esenciales,,simple,featured,draft,"Agenda y Calendario Astronómico Biodinámico 2020. Este año integrada a la Agenda del Huertero y la Huertera de Rosario. Práctica, cómoda e indispensable necesaria para acompañarte en su sendero  agroecológico."
CALENDARIO Biodinámico,180,"Ediciones AABDA 2017,2018 y 2019.",calendario-biodinamico.jpeg,Esenciales,,simple,featured,draft,"Ejemplares impresos de las 3 últimas ediciones del tradicional Calendario Biodinámico para la planificación del agricultor, para tener en casa como material de referencia permanente."
ASTRO RELOJ Calendario Perpetuo,15000,"&nbsp;

&nbsp;

&nbsp;",astro-reloj-calendario-perpetuo.jpeg,Esenciales,,simple,featured,unpublish,"Hermanado al Calendario o a la Agenda Biodinámica, el Astro reloj es un complemento indispensable para una mejor comprensión y aplicación de los principios astronómicos relacionados con la Agricultura Biodinámica.

Desarrollado por Julia Lund Petersen, su utilización facilitará la planificación de las tareas cotidianas y un mejor resultado al agricultor agroecológico que lo adopte como herramienta de trabajo.

Más información en <a href=""http://janus.bio/2020/08/12/astro-reloj-el-complemento-perfecto-del-calendario-biodinamico/"" target=""_blank"" rel=""noopener"">www.janus.bio</a>"
KIOSKO SALUDABLE en la Escuela,15000,"Mariano Juan Cruz Navarro, 2020,112 páginas.

&nbsp;",kiosko-saludable-en-la-escuela.jpeg,Esenciales,,simple,featured,publish,"Este libro intenta un cambio en el paradigma educativo sobre el alimento que consumimos diariamente. Nos propone indagar sobre las necesidades nutricionales y qué alimento me los da y cuales me los quita (los famosos ladrones de minerales). Los alimentos de estación, las huertas escolares, los alimentos locales, la trazabilidad de los alimentos, contaminaciones de los alimentos y todo aquello que rodea al alimento. Dicho alimento que dará el sustento necesario para conservar la salud, ser independiente, tomar decisiones correctas, comprender y practicar la soberanía alimentaria.

Mariano Navarro es Cocinero Profesional, nacido en Choele Choel, en el Valle Medio de la Provincia de Río Negro. En su libro nos propone el desafío de replantearnos nuestra tarea como docentes y padres sobre el acto de seleccionar nuestro alimento en general y por sobre todo dentro de una institución escolar, <em>por un ALIMENTO BUENO, LIMPIO Y JUSTO!</em>

&nbsp;"
Grasa Bovina,300,"Contenido: 400 gramos.

Blanca y sólida a temperatura ambiente. De sabor suave y aroma característico vacuno.",grasa-bovina.jpeg,Productos Frescos>Granja,,simple,featured,draft,"<p class=""p1"">Blanca y sólida a temperatura ambiente. De sabor suave, aroma característico vacuno y color ámbar cristalino al fundirse. La recomendamos para panadería y bollería, pero también se nota la diferencia al utilizarla en frituras tradicionales como empanadas o torta fritas.</p>
<p class=""p1"">Se puede mantener mucho tiempo en la heladera, utilizar varias veces y combinarse con aceites vegetales en frituras y panificados. Filtrar con un colador metálico después de cada uso para retener las partículas residuales. Es normal que se vaya oscureciendo con el uso. Descartar cuando se pone muy oscura.</p>
<p class=""p1"">De esto hablamos cuando afirmamos que JANUS Proyecto Rural Integrador te regala una verdadera ""Experiencia Biodinámica"". Este producto es creación de la Naturaleza y derivada de animales de pastoreo. Nosotros sólo somos el medio que elegistes para acercarlos a tu mesa. Probala y comentanos tu experiencia.</p>"
Chucrut Natural,360,Contenido: 200 gramos,chucrut-natural.jpeg,Productos Elaborados>Fermentados y Probióticos,repollo,simple,featured,draft,<big>Este clásico alimento tiene múltiples propiedades para la salud ya que obtiene por un proceso de fermentación natural mantiendo todas sus todas sus propiedades.</big>
Calendario Biodinámico 2021 (Agenda),600,Agenda y Calendario Astronómico Biodinámico 2021,calendario-biodinamico-2021-agenda.jpeg,Esenciales,,simple,featured,draft,"Integrada a la Agenda del Huertero y la Huertera de Rosario. Práctica, cómoda e indispensable. Muy necesaria para acompañarte en su sendero  agroecológico."
Crema untable de ESPINACA,4000,Contenido: 200 gr,crema-untable-de-espinaca.jpeg,Productos Elaborados>Conservas de Hortalizas,,simple,featured,publish,"De esto hablamos cuando afirmamos que JANUS Proyecto Rural Integrador te regala una verdadera ""Experiencia Biodinámica"". Nuestras <strong>8 variedades de Cremas untables</strong> son creación de la Naturaleza. Verduras biodinámicas cosechadas cuando nos lo pide la huerta. En la cocina se acondicionan apropiadamente  y se preparan sin secretos. El resultado te sorprenderá. Productos frescos y sanos como ningún otro. Para untar en nuestros Grisines crocantes, pan recién tostado o realzar colores y sabores de ensaladas, caldos, sopas, guisos o arroz. No pongas límite a tu imaginación.  Probalo y comentanos tu experiencia.

Envasamos artesanalmente los excedentes de nuestra producción estacional. Todas los envases de vidrio se estabilizan por pasteurización. Absolutamente natural, sin agregar conservantes ni sustancias estabilizadoras. Una vez abierto conservar en heladera y consumir en una semana."
Crema untable de RABANITO,4000,Contenido: 200 gr,crema-untable-de-rabanito.jpeg,Productos Elaborados>Conservas de Hortalizas,,simple,featured,publish,"De esto hablamos cuando afirmamos que JANUS Proyecto Rural Integrador te regala una verdadera ""Experiencia Biodinámica"". Nuestras <strong>8 variedades de Cremas untables</strong> son creación de la Naturaleza. Verduras biodinámicas cosechadas cuando nos lo pide la huerta. En la cocina se acondicionan apropiadamente  y se preparan sin secretos. El resultado te sorprenderá. Productos frescos y sanos como ningún otro. Para untar en nuestros Grisines crocantes, pan recién tostado o realzar colores y sabores de ensaladas, caldos, sopas, guisos o arroz. No pongas límite a tu imaginación.  Probalo y comentanos tu experiencia.

Envasamos artesanalmente los excedentes de nuestra producción estacional. Todas los envases de vidrio se estabilizan por pasteurización. Absolutamente natural, sin agregar conservantes ni sustancias estabilizadoras. Una vez abierto conservar en heladera y consumir en una semana."
Crema untable de BERENJENA,4000,Contenido: 200 gr,crema-untable-de-berenjena.jpeg,Productos Elaborados>Conservas de Hortalizas,,simple,featured,draft,"De esto hablamos cuando afirmamos que JANUS Proyecto Rural Integrador te regala una verdadera ""Experiencia Biodinámica"". Nuestras <strong>8 variedades de Cremas untables</strong> son creación de la Naturaleza. Verduras biodinámicas cosechadas cuando nos lo pide la huerta. En la cocina se acondicionan apropiadamente  y se preparan sin secretos. El resultado te sorprenderá. Productos frescos y sanos como ningún otro. Para untar en nuestros Grisines crocantes, pan recién tostado o realzar colores y sabores de ensaladas, caldos, sopas, guisos o arroz. No pongas límite a tu imaginación.  Probalo y comentanos tu experiencia.

Envasamos artesanalmente los excedentes de nuestra producción estacional. Todas los envases de vidrio se estabilizan por pasteurización. Absolutamente natural, sin agregar conservantes ni sustancias estabilizadoras. Una vez abierto conservar en heladera y consumir en una semana."
Cedrón,2000,Contenido: 25 gramos,cedron.jpeg,Deshidratados>Infusiones|Productos Elaborados,,simple,featured,publish,
Menta,2000,Contenido: 25 gramos,menta.jpeg,Deshidratados>Infusiones|Productos Elaborados,,simple,featured,draft,
Ortiga,2000,Contenido: 25 gramos,ortiga.jpeg,Deshidratados>Infusiones|Productos Elaborados,,simple,featured,publish,
Llantén,2000,Contenido: 25 gramos,llanten.jpeg,Deshidratados>Infusiones|Productos Elaborados,,simple,featured,publish,
Diente de León,2000,Contenido: 15 gramos,diente-de-leon.jpeg,Deshidratados>Infusiones|Productos Elaborados,,simple,featured,publish,Infusión ENERGIZANTE. Combinación de hierbas secadas al calor del sol y mezcladas en las proporciones necesarias para facilitarte una buena jornada.
Burrito,2000,Contenido: 15 gramos,burrito.jpeg,Deshidratados>Infusiones|Productos Elaborados,,simple,featured,publish,Infusión ENERGIZANTE. Combinación de hierbas secadas al calor del sol y mezcladas en las proporciones necesarias para facilitarte una buena jornada.
Infusión del Buen Dormir,2000,"Contenido: 25 gramos

(melisa, salvia, lechuga, manzana)",infusion-del-buen-dormir.jpeg,Deshidratados>Infusiones|Productos Elaborados,,simple,featured,draft,
Provenzal,2000,Contenido: 10 gramos,provenzal.jpeg,Deshidratados>Condimentos|Productos Elaborados,,simple,featured,unpublish,
Romero,2000,Contenido: 10 gramos,romero.jpeg,Deshidratados>Condimentos|Productos Elaborados,,simple,featured,publish,
Tomillo,2000,Contenido: 10 gramos,tomillo.jpeg,Deshidratados>Condimentos|Productos Elaborados,,simple,featured,publish,
MANZANA a la Menta,2000,Contenido: 360 cc (500 gr aprox),manzana-a-la-menta.jpeg,Productos Elaborados>Conservas de Frutas,,simple,featured|outofstock,draft,"De esto hablamos cuando afirmamos que JANUS Proyecto Rural Integrador te regala una verdadera ""Experiencia Biodinámica"". Manzanas biodinámicas var. Granny Smith, cosechadas con la madurez adecuada, En la cocina se acondicionan apropiadamente y se preparan sin secretos. El resultado te sorprenderá. Productos sanos como ningún otro. Probalas y comentanos tu experiencia.

Envasamos artesanalmente los excedentes de nuestra producción estacional. Todas los envases de vidrio se estabilizan por pasteurización. Absolutamente natural, sin agregar conservantes ni sustancias estabilizadoras. Una vez abierto conservar en heladera y consumir en una semana.

Por cualquier comentario sobre la condición del producto, por favor referirnos al número de identificación en la tapa para cotejar con los datos que tenemos de cada partida envasada. Todo comentario nos ayuda a mejorar. ¡Gracias!

&nbsp;"
Ají  Molido,2000,Contenido: 10 gramos,aji-molido.jpeg,Deshidratados>Condimentos|Productos Elaborados,,simple,featured|outofstock,draft,"Muy gustoso, picantoso, aromatizado y colorido Experimente un sabor tan único como natural. Una pizquita es más que suficiente para sentir el sabor de lo diferente. Mantener en un envase hermético."
Morrón en aceite 200cc,3000,Contenido: 200 cc,morron-en-aceite-200cc.jpeg,Productos Elaborados>Conservas de Hortalizas,aceite,simple,featured,unpublish,"Combinamos verduras biodinámicas cosechadas cuando nos lo pide la huerta. En la cocina se acondicionan apropiadamente  y se preparan sin secretos. El resultado te sorprenderá. Productos frescos y sanos como ningún otro. Para consumir fríos con nuestros Grisines crocantes, pan fresco o recién tostado. Probalos y comentanos tu experiencia.

Envasamos artesanalmente los excedentes de nuestra producción estacional. Todas los envases de vidrio se estabilizan por pasteurización. Absolutamente natural, sin agregar conservantes ni sustancias estabilizadoras. Una vez abierto conservar en heladera y consumir en una semana o dos."
Hinojo,2000,Contenido: 20 gramos,hinojo.jpeg,Deshidratados>Condimentos|Productos Elaborados,,simple,featured,unpublish,"Muy gustoso, picantoso, aromatizado y colorido Experimente un sabor tan único como natural. Una pizquita es más que suficiente para sentir el sabor de lo diferente. Mantener en un envase hermético."
Melisa,2000,Contenido: 15 gramos,melisa.jpeg,Deshidratados>Infusiones|Productos Elaborados,,simple,featured|outofstock,draft,
Nueces enteras (Villa Valentina),960,Contenido: 1 kilogramo,nueces-enteras-villa-valentina.jpeg,Productos Frescos>Frutos y Flores,,simple,featured|outofstock,draft,"Con agrado presentamos otro producto asociado a nuestro Almacén Janus. Confiamos en estas nueces de Villa Valentina (Cipolletti), probadamente Agroecológicas y artesanales, por la dedicación de la famila Zurita De Matteis Lechner."
Cola de Caballo,2000,Contenido: 30 gramos,cola-de-caballo.jpeg,Deshidratados>Infusiones|Productos Elaborados,,simple,featured,publish,
Semillas de Zapallo,2000,Contenido: 55 gramos,semillas-de-zapallo.jpeg,Deshidratados>Verduras,,simple,featured,draft,Semillas de zapallo secadas al calor de sol. Muy gustosas. Experimente un sabor tan único como natural. Mantener en un envase hermético.
CAÑA con ruda (Botellita),384,Contenido: 230 cc,cana-con-ruda-botellita.jpeg,Productos Elaborados>Jugos y Bebidas>alcóholicas,,simple,featured,draft,"Este año continuamos el impulso que tomamos el año pasado y seguimos aprovechando la ruda que desde siempre habita la chacra. En la cocina se la trabajaron con entusiasmo preparando sin secretos este homenaje a la Madre tierra que nos alimenta todo el año sin pedirnos nada a cambio. El resultado te sorprenderá. Probala y comentanos tu experiencia. De esto hablamos cuando afirmamos que JANUS Proyecto Rural Integrador te regala una verdadera ""Experiencia Biodinámica"".

<strong>Aclaración necesaria: </strong>Esta coqueta botellita de vidrio con tapa coroña nos la regaló una Famila Asociada. Tiene el tamaño ideal como para acompañarte todo el año en un rinconcito secreto de tu casa. Siempre tendrás motivos para agradecer y fortalecerse."
Calendario Biodinámico 2021 (Desplegable),420,Calendario Biodinámico 2021. Lámina desplegable,calendario-biodinamico-2021-desplegable.jpeg,Esenciales,,simple,featured,draft,"Ingenioso formato para llegar a quienes se interesen en la Agricultura Biodinámica, ya sea para conocerla o practicarla en sus actividades de consumo familiar o comunitarias. Muy necesaria para acompañarte día a día al transitar tu sendero  agroecológico."
Jugo de MANZANA,7000,Contenido: 1.000 cc,jugo-de-manzana.jpeg,Productos Elaborados>Jugos y Bebidas,,simple,featured,publish,"Sin prensado ni filtrado ni exprimido, hacemos nuestros jugos por el proceso más natural posible, en una <em><strong>olla juguera por arrastre de vapor</strong></em>; igualita a la de la abuela, que usa el calor y el vapor como fuente de extracción del jugo, aunque esta juguera es de acero inoxidable y con mayor capacidad, para ""sacarle el jugo"" a todas nuestras frutas de verano. De esto hablamos cuando afirmamos que <em><strong>JANUS Proyecto Rural Integrador</strong></em> te regala una verdadera ""Experiencia Biodinámica"". <em><strong>Manzanas Red Delicious Biodinámica</strong></em>s (la verdadera ""Manzana Deliciosa) de añosos arboles y cosechadas con la madurez adecuada, En la cocina se acondicionan apropiadamente y se preparan sin secretos. El resultado te sorprenderá. Productos sanos como ningún otro. Probá estos jugos y comentanos tu experiencia.

Envasamos artesanalmente los excedentes de nuestra producción estacional que ofrecemos en fresco en nuestros tradicionales Bolsones. Todos los envases de vidrio se estabilizan por pasteurización. Absolutamente natural, sin conservantes ni sustancias estabilizadoras. Una vez abierto conservar en heladera y consumir en una semana.

Por cualquier comentario sobre la condición del producto, por favor referirnos al número de identificación en la tapa para cotejar con los datos que tenemos de cada partida envasada. Todo sugerencia nos ayuda a mejorar. ¡Gracias!

&nbsp;"
Jugo de CIRUELA + UVA,7000,Contenido: 1.000 cc,jugo-de-ciruela-uva.jpeg,Productos Elaborados>Jugos y Bebidas,,simple,featured,draft,"Justo equilibrio entre la acidez de las ciruelas y dulzor de nuestras uvas. Sin prensado ni filtrado ni exprimido, hacemos nuestros jugos por el proceso más natural posible, en una olla juguera por arrastre de vapor; igualita a la de la abuela, que usa el calor y el vapor como fuente de extracción del jugo, aunque de acero inoxidable y con mayor capacidad, para ""sacarle el jugo"" a todas nuestras frutas de verano.

De esto hablamos cuando afirmamos que JANUS Proyecto Rural Integrador te regala una verdadera ""Experiencia Biodinámica"". Ciruelas biodinámicas de 2 productores amigos, cosechadas con la madurez adecuada, En la cocina se acondicionan apropiadamente y se preparan sin secretos. El resultado te sorprenderá. Productos sanos como ningún otro. Probá estos jugos y comentanos tu experiencia.

Envasamos artesanalmente los excedentes de nuestra producción estacional. Todas los envases de vidrio se estabilizan por pasteurización. Absolutamente natural, sin conservantes ni sustancias estabilizadoras. Una vez abierto conservar en heladera y consumir en una semana.

Por cualquier comentario sobre la condición del producto, por favor referirnos al número de identificación en la tapa para cotejar con los datos que tenemos de cada partida envasada. Todo comentario nos ayuda a mejorar. ¡Gracias!

&nbsp;"
Jugo de MANZANA + UVA,7000,Contenido: 1.000 cc,jugo-de-manzana-uva.jpeg,Productos Elaborados>Jugos y Bebidas,,simple,featured,publish,"Sin prensado ni filtrado ni exprimido, hacemos nuestros jugos por el proceso más natural posible, en una <em><strong>olla juguera por arrastre de vapor</strong></em>; igualita a la de la abuela, que usa el calor y el vapor como fuente de extracción del jugo, aunque esta juguera es de acero inoxidable y con mayor capacidad, para ""sacarle el jugo"" a todas nuestras frutas de verano. De esto hablamos cuando afirmamos que <em><strong>JANUS Proyecto Rural Integrador</strong></em> te regala una verdadera ""Experiencia Biodinámica"". <em><strong>Manzanas Red Delicious Biodinámica</strong></em>s (la verdadera ""Manzana Deliciosa) de añosos arboles y cosechadas con la madurez adecuada, En la cocina se acondicionan apropiadamente y se preparan sin secretos. El resultado te sorprenderá. Productos sanos como ningún otro. Probá estos jugos y comentanos tu experiencia.

Envasamos artesanalmente los excedentes de nuestra producción estacional que ofrecemos en fresco en nuestros tradicionales Bolsones. Todos los envases de vidrio se estabilizan por pasteurización. Absolutamente natural, sin conservantes ni sustancias estabilizadoras. Una vez abierto conservar en heladera y consumir en una semana.

Por cualquier comentario sobre la condición del producto, por favor referirnos al número de identificación en la tapa para cotejar con los datos que tenemos de cada partida envasada. Todo sugerencia nos ayuda a mejorar. ¡Gracias!

&nbsp;"
Jugo de UVA,7000,Contenido: 1.000 cc,jugo-de-uva.jpeg,Productos Elaborados>Jugos y Bebidas,,simple,featured,publish,"Sin prensado ni filtrado ni exprimido, hacemos nuestros jugos por el proceso más natural posible, en una olla juguera por arrastre de vapor; igualita a la de la abuela, que usa el calor y el vapor como fuente de extracción del jugo, aunque de acero inoxidable y con mayor capacidad, para ""sacarle el jugo"" a todas nuestras frutas de verano.

De esto hablamos cuando afirmamos que JANUS Proyecto Rural Integrador te regala una verdadera ""Experiencia Biodinámica"". Ciruelas biodinámicas de 2 productores amigos, cosechadas con la madurez adecuada, En la cocina se acondicionan apropiadamente y se preparan sin secretos. El resultado te sorprenderá. Productos sanos como ningún otro. Probá estos jugos y comentanos tu experiencia.

Envasamos artesanalmente los excedentes de nuestra producción estacional. Todas los envases de vidrio se estabilizan por pasteurización. Absolutamente natural, sin conservantes ni sustancias estabilizadoras. Una vez abierto conservar en heladera y consumir en una semana.

Por cualquier comentario sobre la condición del producto, por favor referirnos al número de identificación en la tapa para cotejar con los datos que tenemos de cada partida envasada. Todo comentario nos ayuda a mejorar. ¡Gracias!

&nbsp;"
ELEGí sentirte bien,20000,"""Una medicina que despierta en tu interior""

Dr. Luis María Delupi

256 pág. 2019",elegi-sentirte-bien.jpeg,Esenciales,,simple,featured,publish,"<p class=""p1""><span class=""s1"">Estamos felices por incorporar <strong>Elegí sentirte bien</strong> como el primer producto en la categoría <strong>Esenciales</strong> del Almacén Janus. Su autor, el Dr. Luis María Delupi reside en la ciudad de Centenario, Provincia de Neuquén y es reconocido en el país como médico promotor de la Salud y la Alimentación Natural. </span></p>
<p class=""p1""><span class=""s1"">Este libro, de lectura recomendada para todo consumidor responsable, propone un equilibrio para nuestras vidas, considerando atender esas necesidades vitales e irrenunciables de nuestro Ser. I</span><span class=""s1"">ncluye un completo AUTO-TEST para que puedas reconocer de manera sencilla aquellas acciones que te llevarán a Sentirte Bien.</span></p>"
Albahaca en polvo,2000,Contenido: 20 gramos,albahaca-en-polvo.jpeg,Deshidratados>Condimentos|Productos Elaborados,,simple,featured,publish,Albahaca secada al sol y finamente molida; gustosa y extremadamente aromatizada.  Experimente un sabor tan único como natural. Una pizquita es más que suficiente para sentir el sabor de lo diferente. Mantener en un envase hermético.
Ajo en polvo,2000,Contenido: 20 gramos,ajo-en-polvo.jpeg,Deshidratados>Condimentos|Productos Elaborados,,simple,featured,unpublish,Ajo secado al sol y finamente molido; gustoso y extremadamente aromatizado.  Experimente un sabor tan único como natural. Una pizquita es más que suficiente para sentir el sabor de lo diferente. Mantener en un envase hermético.
Cocina Natural AMAR,4000,"Erika Macanelli, 2018",cocina-natural-amar.jpeg,Esenciales,,simple,featured,publish,"<p class=""p1""><span class=""s1"">Agradecemos a Erika y su compañera Jimena por el año en que compartimos sus saberes y sabores durante su estadía en Janus. </span><span class=""s1"">Este libro, que ciertamente catalogamos como de ""cocina de autor"", nos propone un equilibrio entre creatividad, alimentación natural y salud. De </span><span class=""s1"">recorrido sencillo, nos deja la panza llena de gusto por enseñarnos que se puede comer bien y divertirse al cocinarlo.</span></p>"
Paico,2000,Contenido: 15 gramos,paico.jpeg,Deshidratados>Infusiones|Productos Elaborados,,simple,featured,draft,
Manzana deshidratada en cubitos,2000,Contenido: 30 gramos,manzana-deshidratada-en-cubitos.jpeg,Deshidratados>Frutas|Productos Elaborados,,simple,featured,draft,Rodajas de Manzanas Red Delicioiu secadas al calor de sol. Experimente un sabor tan único como natural. Mantener en un envase hermético.
Rosa Mosqueta,2000,Contenido: 30 gramos,rosa-mosqueta.jpeg,Deshidratados>Infusiones|Productos Elaborados,,simple,featured,draft,Infusión. Porción: 2 gramos (una cucharadita de café)
Caldo de VERDURAS en Polvo (instantáneo),2000,Contenido: 30 gr,caldo-de-verduras-en-polvo-instantaneo.jpeg,Deshidratados>Verduras,,simple,featured,publish,"Un escalón más en la elaboración de nuestros verduras biodinámicas, deshidratados al calor del sol. Naturales y sanos como ningún otro. Para tomar en taza, saborizar arroz, guisos o salsas. Probalo y comentanos tu experiencia.

Envasamos artesanalmente los excedentes de nuestra producción estacional. Todas los envases de vidrio se estabilizan por pasteurización. Absolutamente natural, sin agregar conservantes ni sustancias estabilizadoras."
Ajenjo,2000,Contenido: 30 gramos,ajenjo.jpeg,Deshidratados>Infusiones|Productos Elaborados,,simple,featured,unpublish,Infusión. Porción: 2 gramos (una cucharadita de café)
Ajenjo dulce,2000,Contenido: 15 gramos,ajenjo-dulce.jpeg,Deshidratados>Infusiones|Productos Elaborados,,simple,featured,publish,Infusión. Porción: 2 gramos (una cucharadita de café)
Ruda,2000,Contenido: 30 gramos,ruda.jpeg,Deshidratados>Infusiones|Productos Elaborados,,simple,featured,unpublish,Infusión. Porción: 2 gramos (una cucharadita de café)
Condimento,2000,Contenido: 30 gramos,condimento.jpeg,Deshidratados>Condimentos|Productos Elaborados,,simple,featured,unpublish,"Armoniosa combinación de hortalizas biodinámicas, a base de Puerro y Pimentón, complementado con Zapallo y fortalecido con Ajo y Ají picante, saboriza guisos, sopas, arróz y cualquier otra preparación familiar."
Ají  Picante,2000,Contenido: 30 gramos,aji-picante.jpeg,Deshidratados>Condimentos|Productos Elaborados,,simple,featured,draft,"Muy gustoso, picantoso, aromatizado y colorido Experimente un sabor tan único como natural. Una pizquita de este Ají en polvo será más que suficiente para sentir el sabor de lo diferente. Mantener en un envase hermético."
Mora blanca,2000,Contenido: 25 gramos,mora-blanca.jpeg,Deshidratados>Infusiones|Productos Elaborados,,simple,featured,draft,Infusión. Porción: 2 gramos (una cucharadita de café)
Eter,2000,Contenido: 25 gramos,eter.jpeg,Deshidratados>Infusiones|Productos Elaborados,,simple,featured,draft,Infusión. Porción: 2 gramos (una cucharadita de café)
Manzanas Red Delicious,1560,Peso neto 10 kg,manzanas-red-delicious.jpeg,Productos Frescos>Frutos y Flores,,simple,featured|outofstock,draft,"Las seleccionamos al momento de recibir tu pedido, retirando las destinadas a vinagre, jugo o conserva y llegan a tu casa junto a nuestra Entrega Semanal. No te las pierdas!!!

No vendemos manzanas por kilo ni entregamos manzanas sin cajón. Necesitamos el retorno de los cajones para dar continuidad a las entregas.

Somos JANUS Proyecto Rural Integrador. Compartimos lo que hacemos, lo hacemos entre todos…"
Dulce de MANZANA en pan,3000,Contenido: ~275 gramos,dulce-de-manzana-en-pan.jpeg,Productos Elaborados>Conservas de Frutas,,simple,featured,draft,"De esto hablamos cuando afirmamos que JANUS Proyecto Rural Integrador te regala una verdadera ""Experiencia Biodinámica"". Frutas biodinámicas cosechadas en su punto óptimo de madurez. En la cocina se acondicionan apropiadamente y se preparan sin secretos. El resultado te sorprenderá. Producto fresco y sano como ningún otro. Probalo y comentanos tu experiencia.

Envasamos artesanalmente los excedentes de nuestra producción estacional. Absolutamente natural, sin agregar conservantes ni sustancias estabilizadoras. Conservar en heladera y consumir en una semana.

Contenido entre 250 y 300 gramos."
Apio,2000,Contenido: 10 gramos,apio.jpeg,Deshidratados>Condimentos|Productos Elaborados,,simple,featured,unpublish,Apio secado al calor de sol y finamente molido. Muy gustoso y extremadamente aromatizado. ¡ ¡Y qué color! Experimente un sabor tan único como natural. Una pizquita es más que suficiente para sentir el sabor de lo diferente. Mantener en un envase hermético.
Consuelda (Uso externo),2000,Contenido: 15 gramos,consuelda-uso-externo.jpeg,Productos Frescos>Hojas Verdes y Tallos,,simple,featured,draft,"La <b>consuelda</b> es una planta verde frondosa originaria de Europa conocida en otros lugares, como una especie introducida y considerada maleza.Cosechada que se ha usado durante siglos como <b>de</b> alimento <b>para</b> animales y medicina <b>para</b> humanos. . Las cremas tópicas <b>de consuelda</b> se han usado <b>para</b> tratar heridas menores, moretones, esguinces, y venas varicosas. Su consumo en forma de tisana no es recomendable,"
Manzanas Red Delicious 2da,1080,"Peso neto 10 kg. Manzanas de segunda categoría, ideal para cocinar.",manzanas-red-delicious-2da.jpeg,Productos Frescos>Frutos y Flores,,simple,featured,draft,"Las seleccionamos al momento de recibir tu pedido. Listas para que las limpies con cuchillo y las cocines al horno, para postres, en budines o tortas.

No vendemos manzanas por kilo ni entregamos manzanas sin cajón. Necesitamos el retorno de los cajones para dar continuidad a las entregas.

Somos JANUS Proyecto Rural Integrador. Compartimos lo que hacemos, lo hacemos entre todos…"
Uvas pasas (grande),6000,Contenido: 500 gramos,uvas-pasas-grande.jpeg,Deshidratados>Frutas|Productos Elaborados,,simple,featured,unpublish,"Uvas enteras (con cabito) secadas al calor de sol. Gustosas y aromatizadas. Experimente un sabor tan único como natural. Mantener en un envase hermético.

Pueden ser comidas crudas o empleadas en platos, pasteles y repostería. Resulta beneficiosa para el cuerpo al ayudar a resolver problemas intestinales como el estreñimiento y ralentiza el envejecimiento prematuro de la piel, al contener antioxidantes."
Girgola deshidratada,2000,Contenido: 20 gramos,girgola-deshidratada.jpeg,Deshidratados>Frutas|Productos Elaborados,,simple,featured,unpublish,Girgolas secadas al calor de sol. Experimente un sabor tan único como natural. Mantener en un envase hermético.
AJO fermentado en MIEL,5000,Contenido: 200 cc,ajo-fermentado-en-miel.jpeg,Productos Elaborados>Conservas de Hortalizas,,simple,featured,unpublish,
Crema Ligera de Rosa Mosqueta,500,Contenido: 60 gramos,crema-ligera-de-rosa-mosqueta.jpeg,Cuerpo y Salud,,simple,featured,publish,"Crema LIGERA , FACIAL, NOCTURNA."
Crema de Tomillo,500,Contenido: 60 gramos,crema-de-tomillo.jpeg,Cuerpo y Salud,,simple,featured,publish,Crema para aplicar localmente.
Soporte para teléfono celular,2000,¡Indispensable!,soporte-para-telefono-celular.jpeg,Esenciales,,simple,featured,publish,"Tenenos en tu escritorio. Te haremos compañía y de solo verlo te sentirás mejor.al asociarlo con nuestro proyecto y tus alimentos. De cuidado diseño y manufactura artesanal en impresoras 3D, hará más confortable tu tarea. Ya nos conocemos, pero con estos ""elefantitos"" te acompañaremos toda la semana y no te vas a olvidar de hacernos tu pedido en el momento adecuado. Un muy buen regalo para quedar bien y ampliar nuestra red..."
MANTECA,1500,Contenido: 180 gr.,manteca.jpeg,Productos Frescos>Lácteos,,simple,featured,draft,
Jabón Blanco,240,Peso 140 gramos,jabon-blanco.jpeg,Cuerpo y Salud,,simple,featured|outofstock,publish,"Base Aceite de Maiz y Aceite de Oliva; limpia, desengrasa, suaviza e hidrata tu piel."
Shampoo sólido,480,Peso 60 gramos,shampoo-solido.jpeg,Cuerpo y Salud,,simple,featured,publish,
Acondicionador sólido,480,Peso 60 gramos,acondicionador-solido.jpeg,Cuerpo y Salud,,simple,featured,publish,